Top pages,Clicks,Impressions,CTR,Position
https://kovil.ai/about-us-hire-developers-in-india/,6,14,42.86%,1.86
https://kovil.ai/how-it-works-hire-dedicated-developers/,4,10,40%,1
https://kovil.ai/contact/,3,12,25%,1.08
https://kovil.ai/what-is-the-ai-development-lifecycle/,2,69,2.9%,1.09
https://kovil.ai/,2,21,9.52%,3
https://kovil.ai/onlines/6I664563702,2,9,22.22%,7
https://kovil.ai/onlines/6I853514226,2,3,66.67%,7.67
https://kovil.ai/onlines/6I791174623,2,3,66.67%,9
https://kovil.ai/onlines/6I663335557,2,2,100%,15.5
https://kovil.ai/onlines/6I517101578,1,26,3.85%,8.15
https://kovil.ai/onlines/6I16349571,1,22,4.55%,4.86
https://kovil.ai/onlines/6I70402908,1,10,10%,6.2
https://kovil.ai/onlines/6I33173196,1,9,11.11%,11.22
https://kovil.ai/how-it-works,1,8,12.5%,2.12
https://kovil.ai/onlines/6I517407767,1,8,12.5%,6.62
https://kovil.ai/onlines/6I281172928,1,8,12.5%,7.75
https://kovil.ai/onlines/6I661874415,1,6,16.67%,8.33
https://kovil.ai/onlines/6I786710211,1,5,20%,5
https://kovil.ai/onlines/6I34634074,1,4,25%,2
https://kovil.ai/onlines/6I662921118,1,4,25%,5.75
https://kovil.ai/onlines/6I790123780,1,4,25%,7.25
https://kovil.ai/onlines/6I663194284,1,4,25%,8.25
https://kovil.ai/onlines/6I789938035,1,3,33.33%,1.33
https://kovil.ai/frequently-asked-questions/,1,3,33.33%,2.33
https://kovil.ai/onlines/6I15072786,1,3,33.33%,6
https://kovil.ai/onlines/6I661635913,1,3,33.33%,6.33
https://kovil.ai/onlines/6I510088807,1,3,33.33%,7
https://kovil.ai/onlines/6I34178668,1,3,33.33%,8
https://kovil.ai/onlines/6I256871912,1,3,33.33%,10
https://kovil.ai/onlines/6I148565894,1,2,50%,3
https://kovil.ai/onlines/6I538574873,1,2,50%,4
https://kovil.ai/onlines/6I940328721,1,2,50%,4
https://kovil.ai/onlines/6I539658750,1,2,50%,8.5
https://kovil.ai/onlines/6I517200398,1,2,50%,9.5
https://kovil.ai/onlines/6I662443252,1,2,50%,11
https://kovil.ai/onlines/6I15577480,1,2,50%,11.5
https://kovil.ai/onlines/6I510100150,1,2,50%,13
https://kovil.ai/onlines/6I279293815,1,2,50%,14.5
https://kovil.ai/onlines/6I628061402,1,2,50%,17.5
https://kovil.ai/onlines/6I17496125,1,1,100%,1
https://kovil.ai/onlines/6I255832486,1,1,100%,1
https://kovil.ai/onlines/6I259510625,1,1,100%,1
https://kovil.ai/onlines/6I668447598,1,1,100%,1
https://kovil.ai/our-talent-pool/,1,1,100%,1
https://kovil.ai/onlines/6I787388957,1,1,100%,2
https://kovil.ai/onlines/6I788333490,1,1,100%,2
https://kovil.ai/onlines/6I791367605,1,1,100%,2
https://kovil.ai/onlines/6I737281679,1,1,100%,3
https://kovil.ai/web/,1,1,100%,3
https://kovil.ai/blogs/,1,1,100%,4
https://kovil.ai/onlines/6I790554207,1,1,100%,4
https://kovil.ai/onlines/6I299691893,1,1,100%,6
https://kovil.ai/onlines/6I33214842,1,1,100%,6
https://kovil.ai/onlines/6I787750723,1,1,100%,6
https://kovil.ai/onlines/6I445445904,1,1,100%,7
https://kovil.ai/onlines/6I539382304,1,1,100%,7
https://kovil.ai/onlines/6I69967769,1,1,100%,7
https://kovil.ai/onlines/6I19100873,1,1,100%,8
https://kovil.ai/onlines/6I787750771?w=20260401044737,1,1,100%,8
https://kovil.ai/onlines/6I19421681,1,1,100%,10
https://kovil.ai/onlines/6I515131891,1,1,100%,10
https://kovil.ai/onlines/6I623124336,1,1,100%,11
https://kovil.ai/onlines/6I662805176,1,1,100%,11
https://kovil.ai/onlines/6I16901234,1,1,100%,12
https://kovil.ai/onlines/6I15269008,1,1,100%,14
https://kovil.ai/onlines/6I17241166,1,1,100%,15
https://kovil.ai/onlines/6I70518678,1,1,100%,15
https://kovil.ai/onlines/6I18760704,1,1,100%,17
https://kovil.ai/onlines/6I18760679,1,1,100%,21
https://kovil.ai/onlines/6I662361722,1,1,100%,21
https://kovil.ai/onlines/6I790622319,1,1,100%,23
https://kovil.ai/onlines/6I149158533,1,1,100%,25
https://kovil.ai/onlines/6I537956262,1,1,100%,30
https://kovil.ai/onlines/6I789870754,1,1,100%,31
https://kovil.ai/onlines/6I851085235,1,1,100%,32
https://kovil.ai/onlines/6I148566012,1,1,100%,34
https://kovil.ai/onlines/6I790639474,1,1,100%,35
https://kovil.ai/onlines/6I18912649,1,1,100%,41
https://kovil.ai/onlines/6I789923935,1,1,100%,55
https://kovil.ai/onlines/6I625481263,1,1,100%,57
https://kovil.ai/onlines/6I153951295,1,1,100%,60
https://kovil.ai/onlines/6I790292805,1,1,100%,61
https://kovil.ai/onlines/6I536998349,1,1,100%,68
https://kovil.ai/onlines/6I855928529,1,1,100%,73
https://kovil.ai/onlines/6I257738269,1,1,100%,93
https://kovil.ai/onlines/6I279081195,1,1,100%,125
https://kovil.ai/power-automate-vs-zapier-vs-n8n-vs-make-which-workflow-automation-tool-should-your-team-master-2025/,0,396,0%,6.94
https://kovil.ai/onlines/6I16835874,0,317,0%,7.09
https://kovil.ai/onlines/6I255996094,0,136,0%,88.12
https://kovil.ai/onlines/6I258766537,0,69,0%,94.09
https://kovil.ai/onlines/6I540976358,0,68,0%,2.19
https://kovil.ai/top-ai-platforms/,0,55,0%,59.78
https://kovil.ai/onlines/6I260833896,0,52,0%,90.77
https://kovil.ai/onlines/6I514067750,0,46,0%,3.83
https://kovil.ai/onlines/6I16835832,0,43,0%,6.93
https://kovil.ai/onlines/6I537012735,0,40,0%,9.68
https://kovil.ai/onlines/6I35373081,0,35,0%,3.8
https://kovil.ai/onlines/6I18905248,0,34,0%,4.06
https://kovil.ai/blog/what-is-ai-integration,0,30,0%,40.63
https://kovil.ai/onlines/6I36863663,0,30,0%,59.7
https://kovil.ai/onlines/6I28010366,0,28,0%,8.68
https://kovil.ai/onlines/6I18905263,0,27,0%,2.07
https://kovil.ai/onlines/6I942905572,0,27,0%,9.33
https://kovil.ai/onlines/6I937504430,0,26,0%,7.69
https://kovil.ai/onlines/6I17194165,0,26,0%,24.92
https://kovil.ai/onlines/6I258073685,0,24,0%,8.21
https://kovil.ai/onlines/6I19136421,0,23,0%,3.09
https://kovil.ai/onlines/6I939356910,0,22,0%,10.36
https://kovil.ai/onlines/6I258660608,0,20,0%,16.75
https://kovil.ai/onlines/6I518097536,0,19,0%,6.16
https://kovil.ai/onlines/6I665415872,0,19,0%,8.63
https://kovil.ai/onlines/6I260193433,0,19,0%,8.74
https://kovil.ai/onlines/6I15052872,0,18,0%,9.5
https://kovil.ai/onlines/6I518246579,0,18,0%,11.44
https://kovil.ai/onlines/6I258660422,0,18,0%,27.33
https://kovil.ai/onlines/6I72081117,0,17,0%,5.82
https://kovil.ai/hire-remote-api-developers/,0,17,0%,27.88
https://kovil.ai/onlines/6I15362756,0,16,0%,3.69
https://kovil.ai/onlines/6I620005941,0,16,0%,9.38
https://kovil.ai/onlines/6I259561015,0,16,0%,10.56
https://kovil.ai/onlines/6I257843784,0,15,0%,5.73
https://kovil.ai/onlines/6I538574669,0,15,0%,6.27
https://kovil.ai/onlines/6I19881784,0,15,0%,24.67
https://kovil.ai/onlines/6I255433554,0,15,0%,92.33
https://kovil.ai/onlines/6I255495901,0,14,0%,6.64
https://kovil.ai/onlines/6I620005970,0,14,0%,7.07
https://kovil.ai/onlines/6I938041853,0,14,0%,9.14
https://kovil.ai/onlines/6I665415861,0,14,0%,13.07
https://kovil.ai/onlines/6I34451108,0,14,0%,16.36
https://kovil.ai/onlines/6I942319100,0,13,0%,1.46
https://kovil.ai/onlines/6I512865158,0,13,0%,2.46
https://kovil.ai/onlines/6I149745979,0,13,0%,4.23
https://kovil.ai/onlines/6I17167586,0,13,0%,8.85
https://kovil.ai/onlines/6I788713837,0,13,0%,18.85
https://kovil.ai/onlines/6I19502497,0,12,0%,2.33
https://kovil.ai/onlines/6I514291973,0,12,0%,2.58
https://kovil.ai/onlines/6I16108612,0,12,0%,2.75
https://kovil.ai/accessing-a-vast-talent-pool-why-india-is-the-hub-for-full-stack-developers/,0,12,0%,5.75
https://kovil.ai/onlines/6I17881715,0,12,0%,8.92
https://kovil.ai/onlines/6I151437267,0,12,0%,11.25
https://kovil.ai/onlines/6I792424348,0,12,0%,12
https://kovil.ai/onlines/6I150126608,0,12,0%,12.67
https://kovil.ai/onlines/6I16445413,0,11,0%,2.18
https://kovil.ai/onlines/6I517847572,0,11,0%,3.82
https://kovil.ai/onlines/6I789504805,0,11,0%,6.27
https://kovil.ai/onlines/6I152327971,0,11,0%,9.45
https://kovil.ai/onlines/6I938874961,0,11,0%,11
https://kovil.ai/onlines/6I940319982,0,11,0%,18.55
https://kovil.ai/onlines/6I258660428,0,11,0%,20.64
https://kovil.ai/onlines/6I516145424,0,11,0%,21.36
https://kovil.ai/onlines/6I68094081,0,10,0%,8.5
https://kovil.ai/onlines/6I941531927,0,10,0%,8.9
https://kovil.ai/onlines/6I19869331,0,10,0%,9.1
https://kovil.ai/onlines/6I281836345,0,10,0%,9.2
https://kovil.ai/onlines/6I18386944,0,10,0%,9.8
https://kovil.ai/onlines/6I34757906,0,9,0%,1
https://kovil.ai/onlines/6I15553118,0,9,0%,3.67
https://kovil.ai/7-tips-for-ensuring-code-quality-in-offshore-full-stack-projects/,0,9,0%,4.22
https://kovil.ai/onlines/6I71676575,0,9,0%,4.78
https://kovil.ai/onlines/6I665415865,0,9,0%,5.78
https://kovil.ai/onlines/6I281060730,0,9,0%,6.67
https://kovil.ai/onlines/6I16384255,0,9,0%,8.89
https://kovil.ai/onlines/6I509539501,0,9,0%,9.11
https://kovil.ai/onlines/6I33214787,0,9,0%,10.33
https://kovil.ai/onlines/6I148973949,0,9,0%,10.44
https://kovil.ai/onlines/6I515513462,0,9,0%,10.89
https://kovil.ai/onlines/6I940424561,0,9,0%,11.11
https://kovil.ai/onlines/6I70996651,0,9,0%,27.33
https://kovil.ai/onlines/6I67769491,0,9,0%,38.22
https://kovil.ai/onlines/6I68218960,0,9,0%,47.89
https://kovil.ai/onlines/6I34527921,0,8,0%,1.38
https://kovil.ai/onlines/6I72268750,0,8,0%,2
https://kovil.ai/onlines/6I16248289,0,8,0%,2.75
https://kovil.ai/onlines/6I69495029,0,8,0%,3.5
https://kovil.ai/onlines/6I664876691,0,8,0%,5.25
https://kovil.ai/onlines/6I942730940,0,8,0%,5.25
https://kovil.ai/onlines/6I32599832,0,8,0%,5.62
https://kovil.ai/onlines/6I623240776,0,8,0%,7.75
https://kovil.ai/onlines/6I15143891,0,8,0%,8.38
https://kovil.ai/onlines/6I34227776,0,8,0%,9.12
https://kovil.ai/onlines/6I662515964,0,8,0%,9.12
https://kovil.ai/onlines/6I626703885,0,8,0%,10.88
https://kovil.ai/onlines/6I852777993,0,8,0%,12.62
https://kovil.ai/onlines/6I34302877,0,8,0%,16.62
https://kovil.ai/onlines/6I16955272,0,8,0%,20
https://kovil.ai/onlines/6I19881776,0,8,0%,22.38
https://kovil.ai/onlines/6I19303819,0,8,0%,28
https://kovil.ai/hire-chatbot-developers/,0,8,0%,32
https://kovil.ai/onlines/6I853852870,0,8,0%,32.62
https://kovil.ai/onlines/6I790330903,0,8,0%,35.5
https://kovil.ai/onlines/6I514510066,0,8,0%,37.75
https://kovil.ai/onlines/6I539628993,0,7,0%,1
https://kovil.ai/onlines/6I540976337,0,7,0%,2.71
https://kovil.ai/onlines/6I153501124,0,7,0%,3.14
https://kovil.ai/onlines/6I508647071,0,7,0%,3.43
https://kovil.ai/onlines/6I216798920,0,7,0%,4
https://kovil.ai/onlines/6I18808487,0,7,0%,4.29
https://kovil.ai/onlines/6I539382306,0,7,0%,4.43
https://kovil.ai/onlines/6I622432127,0,7,0%,6.43
https://kovil.ai/onlines/6I260364865,0,7,0%,7.43
https://kovil.ai/onlines/6I939504763,0,7,0%,7.71
https://kovil.ai/onlines/6I148795790,0,7,0%,9.43
https://kovil.ai/onlines/6I513423714,0,7,0%,9.43
https://kovil.ai/onlines/6I33918473,0,7,0%,10.57
https://kovil.ai/onlines/6I540976343,0,7,0%,10.86
https://kovil.ai/onlines/6I939086061,0,7,0%,11
https://kovil.ai/onlines/6I156949758,0,7,0%,12.29
https://kovil.ai/onlines/6I664876713,0,7,0%,12.43
https://kovil.ai/llm-engineers/,0,7,0%,13.29
https://kovil.ai/onlines/6I518400130,0,7,0%,14.29
https://kovil.ai/onlines/6I940010995,0,7,0%,23
https://kovil.ai/onlines/6I33215090,0,7,0%,26.14
https://kovil.ai/onlines/6I19881789,0,7,0%,41.14
https://kovil.ai/onlines/6I787421188,0,6,0%,2.33
https://kovil.ai/onlines/6I662822141,0,6,0%,2.83
https://kovil.ai/onlines/6I19004664,0,6,0%,4.17
https://kovil.ai/onlines/6I539382310,0,6,0%,6.5
https://kovil.ai/onlines/6I942123866,0,6,0%,6.5
https://kovil.ai/onlines/6I69254400,0,6,0%,7.5
https://kovil.ai/onlines/6I17042250,0,6,0%,7.67
https://kovil.ai/onlines/6I793410083,0,6,0%,7.83
https://kovil.ai/onlines/6I937947536,0,6,0%,8.17
https://kovil.ai/onlines/6I940186600,0,6,0%,8.17
https://kovil.ai/onlines/6I942124121,0,6,0%,8.5
https://kovil.ai/onlines/6I790166788,0,6,0%,8.67
https://kovil.ai/onlines/6I787285506,0,6,0%,9
https://kovil.ai/onlines/6I515788988,0,6,0%,9.17
https://kovil.ai/onlines/6I942730925,0,6,0%,9.17
https://kovil.ai/onlines/6I68888669,0,6,0%,9.5
https://kovil.ai/onlines/6I629330387,0,6,0%,9.67
https://kovil.ai/onlines/6I19197092,0,6,0%,9.83
https://kovil.ai/onlines/6I662795131,0,6,0%,11
https://kovil.ai/onlines/6I792424464,0,6,0%,12.33
https://kovil.ai/onlines/6I664529958,0,6,0%,12.67
https://kovil.ai/onlines/6I662095425,0,6,0%,13
https://kovil.ai/onlines/6I537098742,0,6,0%,13.33
https://kovil.ai/onlines/6I256505408,0,6,0%,13.83
https://kovil.ai/onlines/6I18022619,0,6,0%,15.67
https://kovil.ai/onlines/6I152944417,0,6,0%,16.5
https://kovil.ai/onlines/6I17905278,0,6,0%,22
https://kovil.ai/onlines/6I17088372,0,6,0%,23.5
https://kovil.ai/onlines/6I661283132,0,6,0%,24.67
https://kovil.ai/onlines/6I149207225,0,6,0%,25.83
https://kovil.ai/onlines/6I18871040,0,6,0%,27
https://kovil.ai/onlines/6I500408590,0,6,0%,27.17
https://kovil.ai/onlines/6I942905523,0,6,0%,27.83
https://kovil.ai/onlines/6I18942185,0,6,0%,29
https://kovil.ai/onlines/6I70334011,0,6,0%,29.33
https://kovil.ai/onlines/6I19406055,0,6,0%,31.67
https://kovil.ai/onlines/6I16234293,0,6,0%,34.67
https://kovil.ai/rag-vs-llm-fine-tuning/,0,6,0%,43.83
https://kovil.ai/onlines/6I18905238,0,5,0%,2.2
https://kovil.ai/onlines/6I69046812,0,5,0%,2.2
https://kovil.ai/onlines/6I150212977,0,5,0%,3.2
https://kovil.ai/onlines/6I537143251,0,5,0%,3.2
https://kovil.ai/onlines/6I793566319,0,5,0%,3.8
https://kovil.ai/onlines/6I622432225,0,5,0%,4.4
https://kovil.ai/onlines/6I519323328,0,5,0%,4.8
https://kovil.ai/onlines/6I789124909,0,5,0%,5
https://kovil.ai/vetting-process-expert-indian-developers/,0,5,0%,5.2
https://kovil.ai/onlines/6I36216892,0,5,0%,6.2
https://kovil.ai/onlines/6I622432125,0,5,0%,7
https://kovil.ai/onlines/6I662136449,0,5,0%,7
https://kovil.ai/onlines/6I255692784,0,5,0%,7.2
https://kovil.ai/onlines/6I519186946,0,5,0%,7.6
https://kovil.ai/onlines/6I258952518,0,5,0%,8.4
https://kovil.ai/onlines/6I19713488,0,5,0%,8.6
https://kovil.ai/onlines/6I511172146,0,5,0%,8.6
https://kovil.ai/onlines/6I18081645,0,5,0%,8.8
https://kovil.ai/onlines/6I518916116,0,5,0%,9.4
https://kovil.ai/onlines/6I260554238,0,5,0%,9.6
https://kovil.ai/onlines/6I662445943,0,5,0%,9.6
https://kovil.ai/onlines/6I19527669,0,5,0%,9.8
https://kovil.ai/onlines/6I519577006,0,5,0%,9.8
https://kovil.ai/onlines/6I660926041,0,5,0%,9.8
https://kovil.ai/onlines/6I790735280,0,5,0%,10
https://kovil.ai/onlines/6I18772810,0,5,0%,10.2
https://kovil.ai/onlines/6I942539845,0,5,0%,10.2
https://kovil.ai/onlines/6I149308299,0,5,0%,10.8
https://kovil.ai/onlines/6I516351530,0,5,0%,10.8
https://kovil.ai/onlines/6I941559988,0,5,0%,11
https://kovil.ai/onlines/6I664876690,0,5,0%,11.2
https://kovil.ai/onlines/6I792738202,0,5,0%,11.4
https://kovil.ai/onlines/6I628431012,0,5,0%,11.6
https://kovil.ai/onlines/6I153952254,0,5,0%,12.6
https://kovil.ai/onlines/6I149866263,0,5,0%,12.8
https://kovil.ai/onlines/6I662795126,0,5,0%,13.6
https://kovil.ai/onlines/6I510852630,0,5,0%,14
https://kovil.ai/onlines/6I257911012,0,5,0%,14.6
https://kovil.ai/onlines/6I256505450,0,5,0%,15
https://kovil.ai/onlines/6I36559090,0,5,0%,17.2
https://kovil.ai/onlines/6I15041134,0,5,0%,17.4
https://kovil.ai/onlines/6I37156924,0,5,0%,17.4
https://kovil.ai/onlines/6I942123791,0,5,0%,19.2
https://kovil.ai/onlines/6I661283174,0,5,0%,19.6
https://kovil.ai/onlines/6I942905530,0,5,0%,19.6
https://kovil.ai/onlines/6I18942161,0,5,0%,21.6
https://kovil.ai/onlines/6I14861075,0,5,0%,22.6
https://kovil.ai/onlines/6I19869373,0,5,0%,23
https://kovil.ai/onlines/6I661283119,0,5,0%,25.2
https://kovil.ai/onlines/6I34481762,0,5,0%,26.8
https://kovil.ai/onlines/6I18391183,0,5,0%,28.6
https://kovil.ai/onlines/6I661283180,0,5,0%,28.8
https://kovil.ai/onlines/6I19033500,0,5,0%,29
https://kovil.ai/onlines/6I17238146,0,5,0%,29.6
https://kovil.ai/onlines/6I661794071,0,5,0%,30.6
https://kovil.ai/hire-pre-vetted-salesforce-commerce-cloud-developer/,0,5,0%,30.8
https://kovil.ai/onlines/6I15705726,0,5,0%,30.8
https://kovil.ai/onlines/6I148968573,0,5,0%,31.2
https://kovil.ai/onlines/6I17957210,0,5,0%,31.4
https://kovil.ai/onlines/6I664447578,0,5,0%,32.6
https://kovil.ai/onlines/6I19604337,0,5,0%,35.4
https://kovil.ai/onlines/6I113872505,0,5,0%,37.8
https://kovil.ai/onlines/6I790702969,0,5,0%,39
https://kovil.ai/onlines/6I16885968,0,5,0%,41.2
https://kovil.ai/onlines/6I18062018,0,5,0%,42
https://kovil.ai/onlines/6I151721173,0,5,0%,42.2
https://kovil.ai/onlines/6I19881792,0,5,0%,46.4
https://kovil.ai/onlines/6I35842419,0,5,0%,61.4
https://kovil.ai/onlines/6I69949397,0,4,0%,1
https://kovil.ai/onlines/6I36216963,0,4,0%,1.25
https://kovil.ai/onlines/6I16458624,0,4,0%,1.5
https://kovil.ai/onlines/6I510907554,0,4,0%,1.5
https://kovil.ai/onlines/6I255055308,0,4,0%,1.75
https://kovil.ai/onlines/6I515371053,0,4,0%,1.75
https://kovil.ai/onlines/6I664470169,0,4,0%,1.75
https://kovil.ai/onlines/6I70615309,0,4,0%,1.75
https://kovil.ai/onlines/6I513941756,0,4,0%,2.25
https://kovil.ai/onlines/6I15843124,0,4,0%,2.5
https://kovil.ai/onlines/6I792771511,0,4,0%,2.5
https://kovil.ai/onlines/6I35073260,0,4,0%,2.75
https://kovil.ai/onlines/6I663818391,0,4,0%,2.75
https://kovil.ai/onlines/6I793613691,0,4,0%,2.75
https://kovil.ai/onlines/6I34643759,0,4,0%,3
https://kovil.ai/onlines/6I35058129,0,4,0%,3
https://kovil.ai/onlines/6I662990033,0,4,0%,3
https://kovil.ai/onlines/6I69811045,0,4,0%,3.25
https://kovil.ai/onlines/6I70402949,0,4,0%,3.25
https://kovil.ai/onlines/6I257911022,0,4,0%,4
https://kovil.ai/onlines/6I665415933,0,4,0%,4
https://kovil.ai/onlines/6I256047352,0,4,0%,4.25
https://kovil.ai/onlines/6I37033279,0,4,0%,4.5
https://kovil.ai/onlines/6I514994145,0,4,0%,4.5
https://kovil.ai/onlines/6I34451285,0,4,0%,4.75
https://kovil.ai/onlines/6I70012197,0,4,0%,4.75
https://kovil.ai/onlines/6I788417379,0,4,0%,4.75
https://kovil.ai/onlines/6I149737857,0,4,0%,5.25
https://kovil.ai/onlines/6I662154364,0,4,0%,5.25
https://kovil.ai/onlines/6I15364836,0,4,0%,5.5
https://kovil.ai/onlines/6I327963967,0,4,0%,5.5
https://kovil.ai/onlines/6I37962908,0,4,0%,6
https://kovil.ai/onlines/6I70615261,0,4,0%,6
https://kovil.ai/onlines/6I113278387,0,4,0%,6.25
https://kovil.ai/onlines/6I516802671,0,4,0%,6.25
https://kovil.ai/onlines/6I661081449,0,4,0%,6.25
https://kovil.ai/onlines/6I787744355,0,4,0%,6.25
https://kovil.ai/onlines/6I17699549,0,4,0%,6.5
https://kovil.ai/onlines/6I793410021,0,4,0%,6.5
https://kovil.ai/onlines/6I939585631,0,4,0%,6.5
https://kovil.ai/onlines/6I664352910,0,4,0%,6.75
https://kovil.ai/onlines/6I787552951,0,4,0%,6.75
https://kovil.ai/onlines/6I156115355,0,4,0%,7
https://kovil.ai/onlines/6I940470432,0,4,0%,7
https://kovil.ai/onlines/6I19527666,0,4,0%,7.25
https://kovil.ai/onlines/6I32003850,0,4,0%,7.25
https://kovil.ai/onlines/6I665691505,0,4,0%,7.25
https://kovil.ai/onlines/6I68888662,0,4,0%,7.25
https://kovil.ai/onlines/6I789071828,0,4,0%,7.25
https://kovil.ai/onlines/6I280195153,0,4,0%,7.5
https://kovil.ai/onlines/6I289054221,0,4,0%,7.75
https://kovil.ai/onlines/6I512084908,0,4,0%,7.75
https://kovil.ai/onlines/6I942124111,0,4,0%,7.75
https://kovil.ai/onlines/6I17278737,0,4,0%,8
https://kovil.ai/onlines/6I509904491,0,4,0%,8
https://kovil.ai/onlines/6I626428552,0,4,0%,8
https://kovil.ai/onlines/6I695014151,0,4,0%,8
https://kovil.ai/onlines/6I941531909,0,4,0%,8
https://kovil.ai/onlines/6I19404981,0,4,0%,8.25
https://kovil.ai/onlines/6I663544510,0,4,0%,8.25
https://kovil.ai/onlines/6I17509028,0,4,0%,8.5
https://kovil.ai/onlines/6I254738114,0,4,0%,8.5
https://kovil.ai/onlines/6I31800274,0,4,0%,8.5
https://kovil.ai/onlines/6I537214926,0,4,0%,8.5
https://kovil.ai/onlines/6I788691815,0,4,0%,8.5
https://kovil.ai/onlines/6I789284237,0,4,0%,8.5
https://kovil.ai/onlines/6I150930527,0,4,0%,9
https://kovil.ai/onlines/6I626693723,0,4,0%,9
https://kovil.ai/onlines/6I662387424,0,4,0%,9
https://kovil.ai/onlines/6I662743732,0,4,0%,9
https://kovil.ai/onlines/6I18843270,0,4,0%,9.25
https://kovil.ai/onlines/6I661081473,0,4,0%,9.25
https://kovil.ai/onlines/6I260004469,0,4,0%,9.5
https://kovil.ai/onlines/6I665541735,0,4,0%,9.5
https://kovil.ai/onlines/6I67994868,0,4,0%,9.5
https://kovil.ai/onlines/6I941729700,0,4,0%,9.5
https://kovil.ai/onlines/6I14935022,0,4,0%,9.75
https://kovil.ai/onlines/6I15362749,0,4,0%,9.75
https://kovil.ai/onlines/6I491390457,0,4,0%,9.75
https://kovil.ai/onlines/6I662795124,0,4,0%,9.75
https://kovil.ai/onlines/6I662795202,0,4,0%,9.75
https://kovil.ai/onlines/6I18016962,0,4,0%,10
https://kovil.ai/onlines/6I32587580,0,4,0%,10
https://kovil.ai/onlines/6I660963004,0,4,0%,10
https://kovil.ai/onlines/6I942124084,0,4,0%,10
https://kovil.ai/onlines/6I16278980,0,4,0%,10.25
https://kovil.ai/onlines/6I510787481,0,4,0%,10.25
https://kovil.ai/onlines/6I539544229,0,4,0%,10.25
https://kovil.ai/onlines/6I149433448,0,4,0%,10.5
https://kovil.ai/onlines/6I508862176,0,4,0%,10.5
https://kovil.ai/onlines/6I539704084,0,4,0%,10.5
https://kovil.ai/onlines/6I661164465,0,4,0%,10.5
https://kovil.ai/onlines/6I942593118,0,4,0%,10.5
https://kovil.ai/onlines/6I19547928,0,4,0%,10.75
https://kovil.ai/onlines/6I259852010,0,4,0%,11
https://kovil.ai/onlines/6I260253514,0,4,0%,11
https://kovil.ai/onlines/6I32588146,0,4,0%,11
https://kovil.ai/onlines/6I661283117,0,4,0%,11.5
https://kovil.ai/onlines/6I152237786,0,4,0%,11.75
https://kovil.ai/onlines/6I18284551,0,4,0%,11.75
https://kovil.ai/onlines/6I665415904,0,4,0%,11.75
https://kovil.ai/onlines/6I149899422,0,4,0%,12
https://kovil.ai/onlines/6I937956105,0,4,0%,12
https://kovil.ai/8-essential-tools-for-managing-remote-full-stack-development-teams/,0,4,0%,12.25
https://kovil.ai/onlines/6I31837595,0,4,0%,12.5
https://kovil.ai/onlines/6I539000618,0,4,0%,12.75
https://kovil.ai/onlines/6I14880034,0,4,0%,14
https://kovil.ai/onlines/6I17773675,0,4,0%,14
https://kovil.ai/onlines/6I34311047,0,4,0%,14.25
https://kovil.ai/onlines/6I37744010,0,4,0%,14.5
https://kovil.ai/onlines/6I19195972,0,4,0%,14.75
https://kovil.ai/onlines/6I32599923,0,4,0%,15
https://kovil.ai/onlines/6I787793239,0,4,0%,15.5
https://kovil.ai/onlines/6I789526594,0,4,0%,16
https://kovil.ai/onlines/6I35373104,0,4,0%,16.5
https://kovil.ai/hire-machine-learning-engineer-offshore-at-low-cost/,0,4,0%,16.75
https://kovil.ai/onlines/6I661809364,0,4,0%,16.75
https://kovil.ai/onlines/6I510852650,0,4,0%,17.25
https://kovil.ai/onlines/6I660774992,0,4,0%,17.5
https://kovil.ai/onlines/6I788002345,0,4,0%,17.5
https://kovil.ai/onlines/6I736939274,0,4,0%,18
https://kovil.ai/onlines/6I150275605,0,4,0%,18.25
https://kovil.ai/onlines/6I19433606,0,4,0%,18.75
https://kovil.ai/onlines/6I518400172,0,4,0%,19.25
https://kovil.ai/onlines/6I788451030,0,4,0%,20
https://kovil.ai/onlines/6I19830227,0,4,0%,20.25
https://kovil.ai/onlines/6I791506662,0,4,0%,20.5
https://kovil.ai/onlines/6I539830186,0,4,0%,21.5
https://kovil.ai/onlines/6I788182605,0,4,0%,21.5
https://kovil.ai/onlines/6I31869099,0,4,0%,21.75
https://kovil.ai/onlines/6I501005441,0,4,0%,22
https://kovil.ai/onlines/6I16176381,0,4,0%,22.5
https://kovil.ai/onlines/6I662641635,0,4,0%,22.5
https://kovil.ai/onlines/6I19426305,0,4,0%,23.75
https://kovil.ai/onlines/6I494505017,0,4,0%,23.75
https://kovil.ai/onlines/6I153703807,0,4,0%,25.75
https://kovil.ai/onlines/6I15383889,0,4,0%,25.75
https://kovil.ai/onlines/6I665694080,0,4,0%,26
https://kovil.ai/onlines/6I19033407,0,4,0%,26.5
https://kovil.ai/onlines/6I791839338,0,4,0%,26.5
https://kovil.ai/onlines/6I662795179,0,4,0%,26.75
https://kovil.ai/onlines/6I667905129,0,4,0%,27.25
https://kovil.ai/onlines/6I256505314,0,4,0%,27.5
https://kovil.ai/onlines/6I19538828,0,4,0%,28
https://kovil.ai/onlines/6I789288520,0,4,0%,28.75
https://kovil.ai/onlines/6I33953164,0,4,0%,29
https://kovil.ai/onlines/6I788071867,0,4,0%,29
https://kovil.ai/onlines/6I260717351,0,4,0%,29.75
https://kovil.ai/onlines/6I787296373,0,4,0%,30.25
https://kovil.ai/onlines/6I72155438,0,4,0%,31
https://kovil.ai/onlines/6I15544237,0,4,0%,31.5
https://kovil.ai/onlines/6I15544232,0,4,0%,32.25
https://kovil.ai/onlines/6I67769621,0,4,0%,32.75
https://kovil.ai/onlines/6I18211876,0,4,0%,33
https://kovil.ai/onlines/6I258660582,0,4,0%,35.25
https://kovil.ai/onlines/6I853852863,0,4,0%,39
https://kovil.ai/hire-top-handpicked-pre-vetted-computer-vision-engineers/,0,4,0%,40.5
https://kovil.ai/onlines/6I148741313,0,4,0%,46
https://kovil.ai/onlines/6I792858458,0,4,0%,46.25
https://kovil.ai/onlines/6I34757972,0,4,0%,47.25
https://kovil.ai/onlines/6I35372840,0,4,0%,48.5
https://kovil.ai/onlines/6I33173393,0,4,0%,69.25
https://kovil.ai/onlines/6I791183134,0,4,0%,75
https://kovil.ai/onlines/6I148771039,0,3,0%,1
https://kovil.ai/onlines/6I149332560,0,3,0%,1
https://kovil.ai/onlines/6I15002954,0,3,0%,1
https://kovil.ai/onlines/6I151357812,0,3,0%,1
https://kovil.ai/onlines/6I16519883,0,3,0%,1
https://kovil.ai/onlines/6I19647998,0,3,0%,1
https://kovil.ai/onlines/6I661081429,0,3,0%,1
https://kovil.ai/onlines/6I661081443,0,3,0%,1
https://kovil.ai/onlines/6I661081472,0,3,0%,1
https://kovil.ai/onlines/6I70479234,0,3,0%,1
https://kovil.ai/onlines/6I793081487,0,3,0%,1
https://kovil.ai/onlines/6I938401747,0,3,0%,1
https://kovil.ai/onlines/6I938836826,0,3,0%,1
https://kovil.ai/onlines/6I15553122,0,3,0%,1.33
https://kovil.ai/onlines/6I18769015,0,3,0%,1.33
https://kovil.ai/onlines/6I515575103,0,3,0%,1.33
https://kovil.ai/onlines/6I738092149,0,3,0%,1.33
https://kovil.ai/onlines/6I664352719,0,3,0%,1.67
https://kovil.ai/onlines/6I855484724,0,3,0%,1.67
https://kovil.ai/onlines/6I15467196,0,3,0%,2
https://kovil.ai/onlines/6I15470620,0,3,0%,2
https://kovil.ai/onlines/6I15814493,0,3,0%,2
https://kovil.ai/onlines/6I17980256,0,3,0%,2
https://kovil.ai/onlines/6I34634084,0,3,0%,2
https://kovil.ai/onlines/6I539745325,0,3,0%,2
https://kovil.ai/onlines/6I662556568,0,3,0%,2
https://kovil.ai/onlines/6I664181496,0,3,0%,2
https://kovil.ai/onlines/6I788123643,0,3,0%,2
https://kovil.ai/onlines/6I149436170,0,3,0%,2.33
https://kovil.ai/onlines/6I31673546,0,3,0%,2.33
https://kovil.ai/onlines/6I538348118,0,3,0%,2.33
https://kovil.ai/onlines/6I67890193,0,3,0%,2.33
https://kovil.ai/onlines/6I790676024,0,3,0%,2.33
https://kovil.ai/onlines/6I792628333,0,3,0%,2.33
https://kovil.ai/onlines/6I34345448,0,3,0%,2.67
https://kovil.ai/onlines/6I35751160,0,3,0%,2.67
https://kovil.ai/onlines/6I625395178,0,3,0%,2.67
https://kovil.ai/onlines/6I792979491,0,3,0%,2.67
https://kovil.ai/engage/outcome-based-project,0,3,0%,3
https://kovil.ai/onlines/6I150437519,0,3,0%,3
https://kovil.ai/onlines/6I18429800,0,3,0%,3
https://kovil.ai/onlines/6I18528549,0,3,0%,3
https://kovil.ai/onlines/6I281959942,0,3,0%,3
https://kovil.ai/onlines/6I518535986,0,3,0%,3
https://kovil.ai/onlines/6I661993931,0,3,0%,3
https://kovil.ai/onlines/6I68043323,0,3,0%,3
https://kovil.ai/onlines/6I70952113,0,3,0%,3
https://kovil.ai/onlines/6I258456912,0,3,0%,3.33
https://kovil.ai/onlines/6I37157008,0,3,0%,3.33
https://kovil.ai/onlines/6I789683910,0,3,0%,3.33
https://kovil.ai/onlines/6I256527503,0,3,0%,3.67
https://kovil.ai/onlines/6I281302482,0,3,0%,3.67
https://kovil.ai/onlines/6I513078365,0,3,0%,3.67
https://kovil.ai/onlines/6I542284081,0,3,0%,3.67
https://kovil.ai/onlines/6I661313731,0,3,0%,3.67
https://kovil.ai/onlines/6I663991559,0,3,0%,3.67
https://kovil.ai/onlines/6I19853604,0,3,0%,4
https://kovil.ai/onlines/6I537426753,0,3,0%,4
https://kovil.ai/onlines/6I539745677,0,3,0%,4
https://kovil.ai/onlines/6I69865056,0,3,0%,4
https://kovil.ai/onlines/6I156949731,0,3,0%,4.33
https://kovil.ai/onlines/6I518641800,0,3,0%,4.33
https://kovil.ai/onlines/6I518913002,0,3,0%,4.33
https://kovil.ai/onlines/6I787750798,0,3,0%,4.33
https://kovil.ai/onlines/6I225012431,0,3,0%,4.67
https://kovil.ai/onlines/6I514155975,0,3,0%,4.67
https://kovil.ai/onlines/6I516957089,0,3,0%,4.67
https://kovil.ai/onlines/6I665060185,0,3,0%,4.67
https://kovil.ai/onlines/6I72207346,0,3,0%,4.67
https://kovil.ai/onlines/6I19641773,0,3,0%,5
https://kovil.ai/onlines/6I19869189,0,3,0%,5
https://kovil.ai/onlines/6I218285055,0,3,0%,5
https://kovil.ai/onlines/6I30788477,0,3,0%,5
https://kovil.ai/onlines/6I624422343,0,3,0%,5
https://kovil.ai/onlines/6I789786285,0,3,0%,5
https://kovil.ai/onlines/6I516924172,0,3,0%,5.33
https://kovil.ai/onlines/6I72080842,0,3,0%,5.33
https://kovil.ai/onlines/6I695014141,0,3,0%,5.67
https://kovil.ai/onlines/6I787296743,0,3,0%,5.67
https://kovil.ai/onlines/6I855665076,0,3,0%,5.67
https://kovil.ai/onlines/6I34973889,0,3,0%,6
https://kovil.ai/onlines/6I661250288,0,3,0%,6
https://kovil.ai/onlines/6I661867952,0,3,0%,6
https://kovil.ai/onlines/6I15068325,0,3,0%,6.33
https://kovil.ai/onlines/6I788202581,0,3,0%,6.33
https://kovil.ai/onlines/6I941148642,0,3,0%,6.33
https://kovil.ai/onlines/6I19881780,0,3,0%,6.67
https://kovil.ai/onlines/6I787070228,0,3,0%,6.67
https://kovil.ai/onlines/6I791790442,0,3,0%,6.67
https://kovil.ai/onlines/6I938157268,0,3,0%,6.67
https://kovil.ai/onlines/6I149188220,0,3,0%,7
https://kovil.ai/onlines/6I258316095,0,3,0%,7
https://kovil.ai/onlines/6I511837147,0,3,0%,7
https://kovil.ai/onlines/6I513651717,0,3,0%,7
https://kovil.ai/onlines/6I662693523,0,3,0%,7
https://kovil.ai/onlines/6I72710836,0,3,0%,7
https://kovil.ai/onlines/6I789808211,0,3,0%,7
https://kovil.ai/onlines/6I853815699,0,3,0%,7
https://kovil.ai/onlines/6I940135264,0,3,0%,7
https://kovil.ai/onlines/6I16547655,0,3,0%,7.33
https://kovil.ai/onlines/6I512360261,0,3,0%,7.33
https://kovil.ai/onlines/6I940387182,0,3,0%,7.33
https://kovil.ai/onlines/6I16350754,0,3,0%,7.67
https://kovil.ai/onlines/6I19404967,0,3,0%,7.67
https://kovil.ai/onlines/6I32599774,0,3,0%,7.67
https://kovil.ai/onlines/6I539622365,0,3,0%,7.67
https://kovil.ai/onlines/6I661993998,0,3,0%,7.67
https://kovil.ai/onlines/6I665059916,0,3,0%,7.67
https://kovil.ai/onlines/6I18395700,0,3,0%,8
https://kovil.ai/onlines/6I279430744,0,3,0%,8
https://kovil.ai/onlines/6I512746500,0,3,0%,8
https://kovil.ai/onlines/6I625022124,0,3,0%,8
https://kovil.ai/onlines/6I661533879,0,3,0%,8
https://kovil.ai/onlines/6I663991527,0,3,0%,8
https://kovil.ai/onlines/6I940623588,0,3,0%,8
https://kovil.ai/onlines/6I941463354,0,3,0%,8
https://kovil.ai/onlines/5I130138390,0,3,0%,8.33
https://kovil.ai/onlines/6I154726893,0,3,0%,8.33
https://kovil.ai/onlines/6I32599887,0,3,0%,8.33
https://kovil.ai/onlines/6I35058044,0,3,0%,8.33
https://kovil.ai/onlines/6I18546788,0,3,0%,8.67
https://kovil.ai/onlines/6I31593336,0,3,0%,8.67
https://kovil.ai/onlines/6I790979256,0,3,0%,8.67
https://kovil.ai/onlines/6I793746194,0,3,0%,8.67
https://kovil.ai/onlines/6I938767449,0,3,0%,8.67
https://kovil.ai/onlines/6I18163605,0,3,0%,9
https://kovil.ai/onlines/6I37239841,0,3,0%,9
https://kovil.ai/onlines/6I68888667,0,3,0%,9
https://kovil.ai/onlines/6I72256017,0,3,0%,9
https://kovil.ai/onlines/6I787510506,0,3,0%,9
https://kovil.ai/onlines/6I791705735,0,3,0%,9
https://kovil.ai/onlines/6I254909006,0,3,0%,9.33
https://kovil.ai/onlines/6I33173170,0,3,0%,9.33
https://kovil.ai/onlines/6I791129514,0,3,0%,9.33
https://kovil.ai/onlines/6I855920621,0,3,0%,9.33
https://kovil.ai/onlines/6I15104776,0,3,0%,9.67
https://kovil.ai/onlines/6I18546787,0,3,0%,9.67
https://kovil.ai/onlines/6I19533822,0,3,0%,9.67
https://kovil.ai/onlines/6I281485120,0,3,0%,9.67
https://kovil.ai/onlines/6I514971690,0,3,0%,9.67
https://kovil.ai/onlines/6I663041802,0,3,0%,9.67
https://kovil.ai/onlines/6I792771557,0,3,0%,9.67
https://kovil.ai/onlines/6I855229229,0,3,0%,9.67
https://kovil.ai/onlines/6I855987187,0,3,0%,9.67
https://kovil.ai/onlines/6I148677283,0,3,0%,10
https://kovil.ai/onlines/6I156734523,0,3,0%,10
https://kovil.ai/onlines/6I18520586,0,3,0%,10
https://kovil.ai/onlines/6I281529639,0,3,0%,10
https://kovil.ai/onlines/6I329206419,0,3,0%,10
https://kovil.ai/onlines/6I664786061,0,3,0%,10
https://kovil.ai/onlines/6I665590451,0,3,0%,10
https://kovil.ai/onlines/6I789878627,0,3,0%,10
https://kovil.ai/onlines/6I938596228,0,3,0%,10
https://kovil.ai/onlines/6I939966670,0,3,0%,10
https://kovil.ai/gaming-hire-game-developers/,0,3,0%,10.33
https://kovil.ai/onlines/6I17317589,0,3,0%,10.33
https://kovil.ai/onlines/6I257719411,0,3,0%,10.33
https://kovil.ai/onlines/6I511865100,0,3,0%,10.33
https://kovil.ai/onlines/6I788362284,0,3,0%,10.33
https://kovil.ai/onlines/6I15143895,0,3,0%,10.67
https://kovil.ai/onlines/6I154294677,0,3,0%,10.67
https://kovil.ai/onlines/6I17077852,0,3,0%,10.67
https://kovil.ai/onlines/6I17229299,0,3,0%,10.67
https://kovil.ai/onlines/6I18564029,0,3,0%,10.67
https://kovil.ai/onlines/6I18860926,0,3,0%,10.67
https://kovil.ai/onlines/6I260648900,0,3,0%,10.67
https://kovil.ai/onlines/6I37042836,0,3,0%,10.67
https://kovil.ai/onlines/6I256855710,0,3,0%,11
https://kovil.ai/onlines/6I537682287,0,3,0%,11
https://kovil.ai/onlines/6I665140149,0,3,0%,11
https://kovil.ai/onlines/6I665541406,0,3,0%,11
https://kovil.ai/onlines/6I665756988,0,3,0%,11
https://kovil.ai/onlines/6I789500718,0,3,0%,11
https://kovil.ai/onlines/6I661500248,0,3,0%,11.33
https://kovil.ai/onlines/6I938965322,0,3,0%,11.33
https://kovil.ai/onlines/6I152497487,0,3,0%,11.67
https://kovil.ai/onlines/6I16883056,0,3,0%,11.67
https://kovil.ai/onlines/6I19032121,0,3,0%,11.67
https://kovil.ai/onlines/6I259318157,0,3,0%,11.67
https://kovil.ai/onlines/6I628022125,0,3,0%,11.67
https://kovil.ai/onlines/6I791987959,0,3,0%,11.67
https://kovil.ai/onlines/6I16941612,0,3,0%,12
https://kovil.ai/onlines/6I665692281,0,3,0%,12
https://kovil.ai/onlines/6I793613716,0,3,0%,12
https://kovil.ai/onlines/6I939505176,0,3,0%,12
https://kovil.ai/onlines/6I149349071,0,3,0%,12.33
https://kovil.ai/onlines/6I152380190,0,3,0%,12.33
https://kovil.ai/onlines/6I622411958,0,3,0%,12.33
https://kovil.ai/onlines/6I665418663,0,3,0%,12.33
https://kovil.ai/onlines/6I938419886,0,3,0%,12.67
https://kovil.ai/onlines/6I260665326,0,3,0%,13
https://kovil.ai/onlines/6I113495075,0,3,0%,13.67
https://kovil.ai/onlines/6I16750137,0,3,0%,13.67
https://kovil.ai/onlines/6I37469473,0,3,0%,14
https://kovil.ai/onlines/6I665162350,0,3,0%,14
https://kovil.ai/onlines/6I69719090,0,3,0%,14
https://kovil.ai/onlines/6I17845923,0,3,0%,14.33
https://kovil.ai/streamlining-your-development-process-with-offshore-full-stack-expertise/,0,3,0%,14.33
https://kovil.ai/onlines/6I34980907,0,3,0%,14.67
https://kovil.ai/onlines/6I938156437,0,3,0%,14.67
https://kovil.ai/onlines/6I17508945,0,3,0%,15
https://kovil.ai/onlines/6I19033468,0,3,0%,15
https://kovil.ai/onlines/6I35406480,0,3,0%,15
https://kovil.ai/onlines/6I148694487,0,3,0%,15.33
https://kovil.ai/onlines/6I149188248,0,3,0%,15.33
https://kovil.ai/onlines/6I34310893,0,3,0%,15.67
https://kovil.ai/onlines/6I36993201,0,3,0%,15.67
https://kovil.ai/onlines/6I790557649,0,3,0%,15.67
https://kovil.ai/onlines/6I829667550,0,3,0%,16.33
https://kovil.ai/onlines/6I16260686,0,3,0%,16.67
https://kovil.ai/onlines/6I16016212,0,3,0%,17
https://kovil.ai/onlines/6I19668779,0,3,0%,17
https://kovil.ai/onlines/6I37978985,0,3,0%,17
https://kovil.ai/onlines/6I787224312,0,3,0%,17
https://kovil.ai/onlines/6I790354098,0,3,0%,17
https://kovil.ai/onlines/6I853294670,0,3,0%,17.33
https://kovil.ai/onlines/6I788451074,0,3,0%,17.67
https://kovil.ai/onlines/6I792415570,0,3,0%,18
https://kovil.ai/hire-salesforce-lightning-developers/,0,3,0%,18.33
https://kovil.ai/onlines/6I37978971,0,3,0%,18.33
https://kovil.ai/onlines/6I789938197,0,3,0%,18.33
https://kovil.ai/onlines/6I18759609,0,3,0%,18.67
https://kovil.ai/onlines/6I788738836,0,3,0%,18.67
https://kovil.ai/onlines/6I17334507,0,3,0%,19
https://kovil.ai/onlines/6I36993435,0,3,0%,19
https://kovil.ai/onlines/6I512593503,0,3,0%,19
https://kovil.ai/onlines/6I790187585,0,3,0%,19
https://kovil.ai/onlines/6I941740499,0,3,0%,19.67
https://kovil.ai/onlines/6I16276751,0,3,0%,20
https://kovil.ai/onlines/6I34718768,0,3,0%,20
https://kovil.ai/onlines/6I737522445,0,3,0%,20
https://kovil.ai/onlines/6I662099495,0,3,0%,20.33
https://kovil.ai/onlines/6I662881490,0,3,0%,20.33
https://kovil.ai/onlines/6I936897861,0,3,0%,20.67
https://kovil.ai/onlines/6I256505403,0,3,0%,21
https://kovil.ai/onlines/6I15309298,0,3,0%,21.33
https://kovil.ai/onlines/6I16016211,0,3,0%,21.33
https://kovil.ai/onlines/6I16039018,0,3,0%,21.33
https://kovil.ai/onlines/6I508976848,0,3,0%,21.33
https://kovil.ai/onlines/6I661495193,0,3,0%,21.33
https://kovil.ai/onlines/6I17905251,0,3,0%,21.67
https://kovil.ai/onlines/6I37156969,0,3,0%,22
https://kovil.ai/onlines/6I661169864,0,3,0%,22.33
https://kovil.ai/onlines/6I665694102,0,3,0%,22.33
https://kovil.ai/onlines/6I622954696,0,3,0%,22.67
https://kovil.ai/onlines/6I792722618,0,3,0%,22.67
https://kovil.ai/onlines/6I151772747,0,3,0%,23
https://kovil.ai/onlines/6I148968530,0,3,0%,23.33
https://kovil.ai/onlines/6I16038961,0,3,0%,23.33
https://kovil.ai/onlines/6I14917708,0,3,0%,23.67
https://kovil.ai/onlines/6I17334821,0,3,0%,23.67
https://kovil.ai/onlines/6I792639758,0,3,0%,24
https://kovil.ai/onlines/6I787077299,0,3,0%,24.33
https://kovil.ai/onlines/6I19298779,0,3,0%,24.67
https://kovil.ai/onlines/6I28048945,0,3,0%,25
https://kovil.ai/onlines/6I501005520,0,3,0%,25
https://kovil.ai/onlines/6I19314840,0,3,0%,25.67
https://kovil.ai/onlines/6I508974420,0,3,0%,25.67
https://kovil.ai/onlines/6I792415552,0,3,0%,25.67
https://kovil.ai/onlines/6I17716163,0,3,0%,26
https://kovil.ai/onlines/6I37979001,0,3,0%,26
https://kovil.ai/onlines/6I938419887,0,3,0%,26.33
https://kovil.ai/onlines/6I786908618,0,3,0%,26.67
https://kovil.ai/onlines/6I17923327,0,3,0%,27
https://kovil.ai/onlines/6I19548204,0,3,0%,27
https://kovil.ai/onlines/6I18942181,0,3,0%,28
https://kovil.ai/onlines/6I662104246,0,3,0%,28
https://kovil.ai/onlines/6I788893553,0,3,0%,28.33
https://kovil.ai/onlines/6I665557151,0,3,0%,29.33
https://kovil.ai/onlines/6I791183106,0,3,0%,29.33
https://kovil.ai/onlines/6I517563036,0,3,0%,29.67
https://kovil.ai/onlines/6I791670067,0,3,0%,29.67
https://kovil.ai/onlines/6I17278790,0,3,0%,30
https://kovil.ai/onlines/6I665541705,0,3,0%,30
https://kovil.ai/onlines/6I788124845,0,3,0%,30
https://kovil.ai/onlines/6I16062436,0,3,0%,30.67
https://kovil.ai/onlines/6I19204247,0,3,0%,31
https://kovil.ai/onlines/6I538628856,0,3,0%,31
https://kovil.ai/onlines/6I791670068,0,3,0%,31
https://kovil.ai/onlines/6I149875954,0,3,0%,31.67
https://kovil.ai/onlines/6I17691739,0,3,0%,31.67
https://kovil.ai/onlines/6I19795287,0,3,0%,32.67
https://kovil.ai/onlines/6I149588001,0,3,0%,34.33
https://kovil.ai/onlines/6I853122125,0,3,0%,34.33
https://kovil.ai/onlines/6I662795132,0,3,0%,34.67
https://kovil.ai/onlines/6I17813764,0,3,0%,35.33
https://kovil.ai/onlines/6I787624315,0,3,0%,35.33
https://kovil.ai/onlines/6I791517007,0,3,0%,35.33
https://kovil.ai/onlines/6I19019101,0,3,0%,36.33
https://kovil.ai/onlines/6I790152416,0,3,0%,37.33
https://kovil.ai/onlines/6I734857810,0,3,0%,38
https://kovil.ai/onlines/6I15278807,0,3,0%,39.33
https://kovil.ai/onlines/6I17962860,0,3,0%,39.33
https://kovil.ai/onlines/6I792290846,0,3,0%,39.33
https://kovil.ai/onlines/6I37978932,0,3,0%,41
https://kovil.ai/onlines/6I18062057,0,3,0%,41.33
https://kovil.ai/onlines/6I34481773,0,3,0%,42.33
https://kovil.ai/onlines/6I17735626,0,3,0%,43
https://kovil.ai/onlines/6I150871341,0,3,0%,45
https://kovil.ai/onlines/6I509206180,0,3,0%,45.67
https://kovil.ai/onlines/6I33331046,0,3,0%,46
https://kovil.ai/onlines/6I514100235,0,3,0%,46.33
https://kovil.ai/onlines/6I258660539,0,3,0%,50.33
https://kovil.ai/onlines/6I35842438,0,3,0%,55
https://kovil.ai/onlines/6I789249519,0,3,0%,55.33
https://kovil.ai/onlines/6I789249364,0,3,0%,68
https://kovil.ai/onlines/6I789249309,0,3,0%,69
https://kovil.ai/onlines/6I791183141,0,3,0%,72
https://kovil.ai/onlines/6I789249601,0,3,0%,73
https://kovil.ai/onlines/6I117076034,0,2,0%,1
https://kovil.ai/onlines/6I14878503,0,2,0%,1
https://kovil.ai/onlines/6I149257418,0,2,0%,1
https://kovil.ai/onlines/6I150038917,0,2,0%,1
https://kovil.ai/onlines/6I150968960,0,2,0%,1
https://kovil.ai/onlines/6I152224534,0,2,0%,1
https://kovil.ai/onlines/6I152615830,0,2,0%,1
https://kovil.ai/onlines/6I15528802,0,2,0%,1
https://kovil.ai/onlines/6I15558021,0,2,0%,1
https://kovil.ai/onlines/6I16519798,0,2,0%,1
https://kovil.ai/onlines/6I17215300,0,2,0%,1
https://kovil.ai/onlines/6I17369986,0,2,0%,1
https://kovil.ai/onlines/6I17485219,0,2,0%,1
https://kovil.ai/onlines/6I17517423,0,2,0%,1
https://kovil.ai/onlines/6I18535841,0,2,0%,1
https://kovil.ai/onlines/6I19004595,0,2,0%,1
https://kovil.ai/onlines/6I258563694,0,2,0%,1
https://kovil.ai/onlines/6I28042669,0,2,0%,1
https://kovil.ai/onlines/6I281401458,0,2,0%,1
https://kovil.ai/onlines/6I31900395,0,2,0%,1
https://kovil.ai/onlines/6I34481805,0,2,0%,1
https://kovil.ai/onlines/6I34718749,0,2,0%,1
https://kovil.ai/onlines/6I35058127,0,2,0%,1
https://kovil.ai/onlines/6I35058161,0,2,0%,1
https://kovil.ai/onlines/6I496755066,0,2,0%,1
https://kovil.ai/onlines/6I509904578,0,2,0%,1
https://kovil.ai/onlines/6I512794379,0,2,0%,1
https://kovil.ai/onlines/6I513655314,0,2,0%,1
https://kovil.ai/onlines/6I514069320,0,2,0%,1
https://kovil.ai/onlines/6I514328623,0,2,0%,1
https://kovil.ai/onlines/6I514480098,0,2,0%,1
https://kovil.ai/onlines/6I515144028,0,2,0%,1
https://kovil.ai/onlines/6I516145262,0,2,0%,1
https://kovil.ai/onlines/6I517126722,0,2,0%,1
https://kovil.ai/onlines/6I518642769,0,2,0%,1
https://kovil.ai/onlines/6I538135941,0,2,0%,1
https://kovil.ai/onlines/6I541119030,0,2,0%,1
https://kovil.ai/onlines/6I629639141,0,2,0%,1
https://kovil.ai/onlines/6I68440294,0,2,0%,1
https://kovil.ai/onlines/6I69949322,0,2,0%,1
https://kovil.ai/onlines/6I70630400,0,2,0%,1
https://kovil.ai/onlines/6I71451625,0,2,0%,1
https://kovil.ai/onlines/6I71676570,0,2,0%,1
https://kovil.ai/onlines/6I72264544,0,2,0%,1
https://kovil.ai/onlines/6I788980122,0,2,0%,1
https://kovil.ai/onlines/6I789187427,0,2,0%,1
https://kovil.ai/onlines/6I791012705,0,2,0%,1
https://kovil.ai/onlines/6I791934989,0,2,0%,1
https://kovil.ai/onlines/6I793166003,0,2,0%,1
https://kovil.ai/onlines/6I854311518,0,2,0%,1
https://kovil.ai/onlines/6I15221381,0,2,0%,1.5
https://kovil.ai/onlines/6I15221467,0,2,0%,1.5
https://kovil.ai/onlines/6I156113215,0,2,0%,1.5
https://kovil.ai/onlines/6I15625914,0,2,0%,1.5
https://kovil.ai/onlines/6I255055432,0,2,0%,1.5
https://kovil.ai/onlines/6I539684207,0,2,0%,1.5
https://kovil.ai/onlines/6I663740867,0,2,0%,1.5
https://kovil.ai/onlines/6I70005355,0,2,0%,1.5
https://kovil.ai/onlines/6I70178119,0,2,0%,1.5
https://kovil.ai/onlines/6I789065157,0,2,0%,1.5
https://kovil.ai/onlines/6I117075786,0,2,0%,2
https://kovil.ai/onlines/6I15574402,0,2,0%,2
https://kovil.ai/onlines/6I16002911,0,2,0%,2
https://kovil.ai/onlines/6I16698553,0,2,0%,2
https://kovil.ai/onlines/6I18294841,0,2,0%,2
https://kovil.ai/onlines/6I258711186,0,2,0%,2
https://kovil.ai/onlines/6I32246275,0,2,0%,2
https://kovil.ai/onlines/6I36559049,0,2,0%,2
https://kovil.ai/onlines/6I509390885,0,2,0%,2
https://kovil.ai/onlines/6I519727230,0,2,0%,2
https://kovil.ai/onlines/6I537062560,0,2,0%,2
https://kovil.ai/onlines/6I665060203,0,2,0%,2
https://kovil.ai/onlines/6I70177664,0,2,0%,2
https://kovil.ai/onlines/6I788123702,0,2,0%,2
https://kovil.ai/onlines/6I788303523,0,2,0%,2
https://kovil.ai/onlines/6I16120296,0,2,0%,2.5
https://kovil.ai/onlines/6I508436538,0,2,0%,2.5
https://kovil.ai/onlines/6I514512734,0,2,0%,2.5
https://kovil.ai/onlines/6I663866984,0,2,0%,2.5
https://kovil.ai/onlines/6I938432889,0,2,0%,2.5
https://kovil.ai/onlines/6I16275114,0,2,0%,3
https://kovil.ai/onlines/6I16795087,0,2,0%,3
https://kovil.ai/onlines/6I18142693,0,2,0%,3
https://kovil.ai/onlines/6I216834358,0,2,0%,3
https://kovil.ai/onlines/6I278236632,0,2,0%,3
https://kovil.ai/onlines/6I288155085,0,2,0%,3
https://kovil.ai/onlines/6I314638210,0,2,0%,3
https://kovil.ai/onlines/6I37966892,0,2,0%,3
https://kovil.ai/onlines/6I509591124,0,2,0%,3
https://kovil.ai/onlines/6I515403929,0,2,0%,3
https://kovil.ai/onlines/6I625695845,0,2,0%,3
https://kovil.ai/onlines/6I665353534,0,2,0%,3
https://kovil.ai/onlines/6I738092022,0,2,0%,3
https://kovil.ai/onlines/6I789614341,0,2,0%,3
https://kovil.ai/onlines/6I790825321,0,2,0%,3
https://kovil.ai/onlines/6I855665066,0,2,0%,3
https://kovil.ai/onlines/6I940470465,0,2,0%,3
https://kovil.ai/blog/ai-automation-nyc-ad-marketing-agencies,0,2,0%,3.5
https://kovil.ai/onlines/6I14956200,0,2,0%,3.5
https://kovil.ai/onlines/6I15448103,0,2,0%,3.5
https://kovil.ai/onlines/6I18296010,0,2,0%,3.5
https://kovil.ai/onlines/6I18905266,0,2,0%,3.5
https://kovil.ai/onlines/6I218285034,0,2,0%,3.5
https://kovil.ai/onlines/6I256374348,0,2,0%,3.5
https://kovil.ai/onlines/6I33214816,0,2,0%,3.5
https://kovil.ai/onlines/6I627046174,0,2,0%,3.5
https://kovil.ai/onlines/6I736939370,0,2,0%,3.5
https://kovil.ai/onlines/6I790376197,0,2,0%,3.5
https://kovil.ai/onlines/6I792287058,0,2,0%,3.5
https://kovil.ai/onlines/6I941724183,0,2,0%,3.5
https://kovil.ai/onlines/6I15215475,0,2,0%,4
https://kovil.ai/onlines/6I17864515,0,2,0%,4
https://kovil.ai/onlines/6I18912963,0,2,0%,4
https://kovil.ai/onlines/6I19101111,0,2,0%,4
https://kovil.ai/onlines/6I258212700,0,2,0%,4
https://kovil.ai/onlines/6I33306711,0,2,0%,4
https://kovil.ai/onlines/6I515956767,0,2,0%,4
https://kovil.ai/onlines/6I541846961,0,2,0%,4
https://kovil.ai/onlines/6I661399123,0,2,0%,4
https://kovil.ai/onlines/6I663809418,0,2,0%,4
https://kovil.ai/onlines/6I71063691,0,2,0%,4
https://kovil.ai/onlines/6I71676007,0,2,0%,4
https://kovil.ai/onlines/6I786764331,0,2,0%,4
https://kovil.ai/onlines/6I789682911,0,2,0%,4
https://kovil.ai/onlines/6I790620072,0,2,0%,4
https://kovil.ai/onlines/6I790860205,0,2,0%,4
https://kovil.ai/onlines/6I791711616,0,2,0%,4
https://kovil.ai/onlines/6I791734961,0,2,0%,4
https://kovil.ai/onlines/6I792872959,0,2,0%,4
https://kovil.ai/onlines/6I793489460,0,2,0%,4
https://kovil.ai/onlines/6I793566577,0,2,0%,4
https://kovil.ai/onlines/6I149769735,0,2,0%,4.5
https://kovil.ai/onlines/6I19845674,0,2,0%,4.5
https://kovil.ai/onlines/6I280884769,0,2,0%,4.5
https://kovil.ai/onlines/6I31546451,0,2,0%,4.5
https://kovil.ai/onlines/6I34345484,0,2,0%,4.5
https://kovil.ai/onlines/6I512674171,0,2,0%,4.5
https://kovil.ai/onlines/6I516803327,0,2,0%,4.5
https://kovil.ai/onlines/6I517512311,0,2,0%,4.5
https://kovil.ai/onlines/6I518638839,0,2,0%,4.5
https://kovil.ai/onlines/6I519490388,0,2,0%,4.5
https://kovil.ai/onlines/6I626776520,0,2,0%,4.5
https://kovil.ai/onlines/6I626816558,0,2,0%,4.5
https://kovil.ai/onlines/6I67946962,0,2,0%,4.5
https://kovil.ai/onlines/6I739098084,0,2,0%,4.5
https://kovil.ai/onlines/6I787351711,0,2,0%,4.5
https://kovil.ai/onlines/6I791793694,0,2,0%,4.5
https://kovil.ai/onlines/6I15080581,0,2,0%,5
https://kovil.ai/onlines/6I151862436,0,2,0%,5
https://kovil.ai/onlines/6I17106713,0,2,0%,5
https://kovil.ai/onlines/6I17229312,0,2,0%,5
https://kovil.ai/onlines/6I18040866,0,2,0%,5
https://kovil.ai/onlines/6I255582337,0,2,0%,5
https://kovil.ai/onlines/6I512379592,0,2,0%,5
https://kovil.ai/onlines/6I513788884,0,2,0%,5
https://kovil.ai/onlines/6I514155507,0,2,0%,5
https://kovil.ai/onlines/6I518380547,0,2,0%,5
https://kovil.ai/onlines/6I540864801,0,2,0%,5
https://kovil.ai/onlines/6I541113240,0,2,0%,5
https://kovil.ai/onlines/6I620090083,0,2,0%,5
https://kovil.ai/onlines/6I620766111,0,2,0%,5
https://kovil.ai/onlines/6I69032666,0,2,0%,5
https://kovil.ai/onlines/6I69266683,0,2,0%,5
https://kovil.ai/onlines/6I70295363,0,2,0%,5
https://kovil.ai/onlines/6I792251363,0,2,0%,5
https://kovil.ai/onlines/6I793622810,0,2,0%,5
https://kovil.ai/onlines/6I852888170,0,2,0%,5
https://kovil.ai/onlines/6I938907180,0,2,0%,5
https://kovil.ai/onlines/6I16262841,0,2,0%,5.5
https://kovil.ai/onlines/6I16752154,0,2,0%,5.5
https://kovil.ai/onlines/6I17474150,0,2,0%,5.5
https://kovil.ai/onlines/6I18912626,0,2,0%,5.5
https://kovil.ai/onlines/6I260210756,0,2,0%,5.5
https://kovil.ai/onlines/6I516527263,0,2,0%,5.5
https://kovil.ai/onlines/6I541050984,0,2,0%,5.5
https://kovil.ai/onlines/6I661828551,0,2,0%,5.5
https://kovil.ai/onlines/6I664351455,0,2,0%,5.5
https://kovil.ai/onlines/6I665605190,0,2,0%,5.5
https://kovil.ai/onlines/6I695014169,0,2,0%,5.5
https://kovil.ai/onlines/6I793642545,0,2,0%,5.5
https://kovil.ai/onlines/6I853194284,0,2,0%,5.5
https://kovil.ai/onlines/6I148606223,0,2,0%,6
https://kovil.ai/onlines/6I154716506,0,2,0%,6
https://kovil.ai/onlines/6I15915047,0,2,0%,6
https://kovil.ai/onlines/6I16710522,0,2,0%,6
https://kovil.ai/onlines/6I18935846,0,2,0%,6
https://kovil.ai/onlines/6I18998996,0,2,0%,6
https://kovil.ai/onlines/6I19033696,0,2,0%,6
https://kovil.ai/onlines/6I19433657,0,2,0%,6
https://kovil.ai/onlines/6I256071221,0,2,0%,6
https://kovil.ai/onlines/6I260638420,0,2,0%,6
https://kovil.ai/onlines/6I28029589,0,2,0%,6
https://kovil.ai/onlines/6I280858322,0,2,0%,6
https://kovil.ai/onlines/6I32257450,0,2,0%,6
https://kovil.ai/onlines/6I33740864,0,2,0%,6
https://kovil.ai/onlines/6I33818672,0,2,0%,6
https://kovil.ai/onlines/6I36993303,0,2,0%,6
https://kovil.ai/onlines/6I497770431,0,2,0%,6
https://kovil.ai/onlines/6I508586659,0,2,0%,6
https://kovil.ai/onlines/6I511864537,0,2,0%,6
https://kovil.ai/onlines/6I512740687,0,2,0%,6
https://kovil.ai/onlines/6I512745768,0,2,0%,6
https://kovil.ai/onlines/6I516710990,0,2,0%,6
https://kovil.ai/onlines/6I541272206,0,2,0%,6
https://kovil.ai/onlines/6I624471301,0,2,0%,6
https://kovil.ai/onlines/6I627062424,0,2,0%,6
https://kovil.ai/onlines/6I660876737,0,2,0%,6
https://kovil.ai/onlines/6I661081336,0,2,0%,6
https://kovil.ai/onlines/6I661463605,0,2,0%,6